exp_id,rmse_mean,rmse_std,mae_mean,mae_std,r2_mean,r2_std,test_rmse,test_mae,test_r2
model=ridge|params=alpha=0.1|impute=knn|outlier=quantile_1_99|sampling=none|scale=True,0.9401416873227518,0.006293460639739116,0.7657204216772526,0.006563312840877949,0.42636287357587577,0.008168327762578103,1.2457144406237997,1.0551952972707173,-3.403689765429111
model=ridge|params=alpha=0.1|impute=knn|outlier=quantile_1_99|sampling=undersample_major_bins|scale=True,0.9401416873227518,0.006293460639739116,0.7657204216772526,0.006563312840877949,0.42636287357587577,0.008168327762578103,1.2457144406237997,1.0551952972707173,-3.403689765429111
model=ridge|params=alpha=0.1|impute=median|outlier=quantile_1_99|sampling=none|scale=True,0.9401416873227518,0.006293460639739116,0.7657204216772526,0.006563312840877949,0.42636287357587577,0.008168327762578103,1.2457144406237997,1.0551952972707173,-3.403689765429111
model=ridge|params=alpha=0.1|impute=median|outlier=quantile_1_99|sampling=undersample_major_bins|scale=True,0.9401416873227518,0.006293460639739116,0.7657204216772526,0.006563312840877949,0.42636287357587577,0.008168327762578103,1.2457144406237997,1.0551952972707173,-3.403689765429111
model=ridge|params=alpha=0.1|impute=knn|outlier=quantile_1_99|sampling=undersample_major_bins|scale=False,0.9401701597337071,0.006303283971512924,0.7657191397518316,0.006568343909622779,0.4263280139330427,0.008183802151185202,1.245641253690326,1.0551430710630405,-3.403172338526298
model=ridge|params=alpha=0.1|impute=median|outlier=quantile_1_99|sampling=none|scale=False,0.9401701597337071,0.006303283971512924,0.7657191397518316,0.006568343909622779,0.4263280139330427,0.008183802151185202,1.245641253690326,1.0551430710630405,-3.403172338526298
model=ridge|params=alpha=0.1|impute=median|outlier=quantile_1_99|sampling=undersample_major_bins|scale=False,0.9401701597337071,0.006303283971512924,0.7657191397518316,0.006568343909622779,0.4263280139330427,0.008183802151185202,1.245641253690326,1.0551430710630405,-3.403172338526298
model=ridge|params=alpha=0.1|impute=knn|outlier=quantile_1_99|sampling=none|scale=False,0.9401701597337071,0.006303283971512924,0.7657191397518316,0.006568343909622779,0.4263280139330427,0.008183802151185202,1.245641253690326,1.0551430710630405,-3.403172338526298
model=ridge|params=alpha=0.1|impute=knn|outlier=quantile_1_99|sampling=target_bin_weighted|scale=True,0.9401883109232003,0.006253482490388346,0.7663107191658555,0.006537306672848453,0.42630618301824647,0.008129040817999415,1.2439606614827048,1.0544880767857054,-3.3912990239879974
model=ridge|params=alpha=0.1|impute=median|outlier=quantile_1_99|sampling=target_bin_weighted|scale=True,0.9401883109232003,0.006253482490388346,0.7663107191658555,0.006537306672848453,0.42630618301824647,0.008129040817999415,1.2439606614827048,1.0544880767857054,-3.3912990239879974
model=ridge|params=alpha=0.1|impute=median|outlier=quantile_1_99|sampling=target_bin_weighted|scale=False,0.9402161893586468,0.006264148935559957,0.7663103315537203,0.006542368167920442,0.4262720370524475,0.00814588853287997,1.2438868160788603,1.0544360347784223,-3.3907776769151967
model=ridge|params=alpha=0.1|impute=knn|outlier=quantile_1_99|sampling=target_bin_weighted|scale=False,0.9402161893586468,0.006264148935559957,0.7663103315537203,0.006542368167920442,0.4262720370524475,0.00814588853287997,1.2438868160788603,1.0544360347784223,-3.3907776769151967
model=ridge|params=alpha=0.1|impute=knn|outlier=iqr_clip|sampling=none|scale=True,0.9403722621797467,0.005260254049746389,0.7695382211097412,0.006152703303562546,0.42608975677308764,0.006787179605076914,1.2882514310507827,1.0678254097808015,-3.709567059003816
model=ridge|params=alpha=0.1|impute=knn|outlier=iqr_clip|sampling=undersample_major_bins|scale=True,0.9403722621797467,0.005260254049746389,0.7695382211097412,0.006152703303562546,0.42608975677308764,0.006787179605076914,1.2882514310507827,1.0678254097808015,-3.709567059003816
model=ridge|params=alpha=0.1|impute=median|outlier=iqr_clip|sampling=undersample_major_bins|scale=True,0.9403722621797467,0.005260254049746389,0.7695382211097412,0.006152703303562546,0.42608975677308764,0.006787179605076914,1.2882514310507827,1.0678254097808015,-3.709567059003816
model=ridge|params=alpha=0.1|impute=median|outlier=iqr_clip|sampling=none|scale=True,0.9403722621797467,0.005260254049746389,0.7695382211097412,0.006152703303562546,0.42608975677308764,0.006787179605076914,1.2882514310507827,1.0678254097808015,-3.709567059003816
model=ridge|params=alpha=0.1|impute=knn|outlier=iqr_clip|sampling=target_bin_weighted|scale=True,0.940426312608553,0.0052225266426656385,0.7703541070992219,0.006121458472974407,0.42602396542698806,0.0067471962356612835,1.2828066157436007,1.0639232481837326,-3.6698410668458266
model=ridge|params=alpha=0.1|impute=median|outlier=iqr_clip|sampling=target_bin_weighted|scale=True,0.940426312608553,0.0052225266426656385,0.7703541070992219,0.006121458472974407,0.42602396542698806,0.0067471962356612835,1.2828066157436007,1.0639232481837326,-3.6698410668458266
model=ridge|params=alpha=0.1|impute=knn|outlier=iqr_clip|sampling=undersample_major_bins|scale=False,0.9405340983815718,0.005202597069802166,0.7696330692018164,0.006186778646396766,0.42589232031964447,0.006743282538818098,1.290179253533197,1.0701469212267738,-3.7236730050897693
model=ridge|params=alpha=0.1|impute=knn|outlier=iqr_clip|sampling=none|scale=False,0.9405340983815718,0.005202597069802166,0.7696330692018164,0.006186778646396766,0.42589232031964447,0.006743282538818098,1.290179253533197,1.0701469212267738,-3.7236730050897693
model=ridge|params=alpha=0.1|impute=median|outlier=iqr_clip|sampling=undersample_major_bins|scale=False,0.9405340983815718,0.005202597069802166,0.7696330692018164,0.006186778646396766,0.42589232031964447,0.006743282538818098,1.290179253533197,1.0701469212267738,-3.7236730050897693
model=ridge|params=alpha=0.1|impute=median|outlier=iqr_clip|sampling=none|scale=False,0.9405340983815718,0.005202597069802166,0.7696330692018164,0.006186778646396766,0.42589232031964447,0.006743282538818098,1.290179253533197,1.0701469212267738,-3.7236730050897693
model=ridge|params=alpha=0.1|impute=knn|outlier=iqr_clip|sampling=target_bin_weighted|scale=False,0.9405861096656458,0.005163422437303,0.7704607630650216,0.006154918690010689,0.425829012089214,0.006701932911675421,1.2847527510620824,1.066283681937342,-3.6840209694021686
model=ridge|params=alpha=0.1|impute=median|outlier=iqr_clip|sampling=target_bin_weighted|scale=False,0.9405861096656458,0.005163422437303,0.7704607630650216,0.006154918690010689,0.425829012089214,0.006701932911675421,1.2847527510620824,1.066283681937342,-3.6840209694021686
model=ridge|params=alpha=1.0|impute=median|outlier=none|sampling=none|scale=True,0.9436648850865967,0.006483170431893006,0.7685605808171149,0.006837133518747552,0.4220539161918625,0.008446513297480725,1.3075349276180028,1.0891218411273522,-3.851614838337272
model=ridge|params=alpha=1.0|impute=median|outlier=none|sampling=target_bin_weighted|scale=True,0.9437115417710864,0.006426090374194581,0.7691827953403102,0.00680182270587314,0.4219971030001659,0.008386646907494789,1.3057725031510383,1.0883953992618727,-3.838544683435952
model=ridge|params=alpha=1.0|impute=median|outlier=none|sampling=none|scale=False,0.9437265521431,0.006467611426756709,0.7685689545231984,0.006833095252444187,0.42197859497217677,0.008420134149059157,1.3074344887058689,1.0888806807981977,-3.850869508800872
model=ridge|params=alpha=0.1|impute=knn|outlier=none|sampling=none|scale=True,0.9437498028115716,0.006519521617573073,0.7686068913301521,0.006860466839988082,0.4219496359151872,0.008490278850046454,1.307487704223423,1.089078282745857,-3.8512643993857507
model=ridge|params=alpha=0.1|impute=median|outlier=none|sampling=none|scale=True,0.9437498028115716,0.006519521617573073,0.7686068913301521,0.006860466839988082,0.4219496359151872,0.008490278850046454,1.307487704223423,1.089078282745857,-3.8512643993857507
model=ridge|params=alpha=0.1|impute=knn|outlier=none|sampling=undersample_major_bins|scale=True,0.9437498028115716,0.006519521617573073,0.7686068913301521,0.006860466839988082,0.4219496359151872,0.008490278850046454,1.307487704223423,1.089078282745857,-3.8512643993857507
model=ridge|params=alpha=0.1|impute=median|outlier=none|sampling=undersample_major_bins|scale=True,0.9437498028115716,0.006519521617573073,0.7686068913301521,0.006860466839988082,0.4219496359151872,0.008490278850046454,1.307487704223423,1.089078282745857,-3.8512643993857507
model=ridge|params=alpha=1.0|impute=median|outlier=none|sampling=target_bin_weighted|scale=False,0.943772996808993,0.006412088333540752,0.769192107740025,0.0067995643852305785,0.421922024628273,0.008362160182397469,1.3056690669665099,1.0881533090654458,-3.8377781474936734
model=ridge|params=alpha=0.1|impute=knn|outlier=none|sampling=none|scale=False,0.9437753426119112,0.006524405196830369,0.768615127472928,0.006862492168394722,0.4219183298770618,0.008494818772360744,1.3074717222214525,1.0890437647953832,-3.851145801798821
model=ridge|params=alpha=0.1|impute=knn|outlier=none|sampling=undersample_major_bins|scale=False,0.9437753426119112,0.006524405196830369,0.768615127472928,0.006862492168394722,0.4219183298770618,0.008494818772360744,1.3074717222214525,1.0890437647953832,-3.851145801798821
model=ridge|params=alpha=0.1|impute=median|outlier=none|sampling=undersample_major_bins|scale=False,0.9437753426119112,0.006524405196830369,0.768615127472928,0.006862492168394722,0.4219183298770618,0.008494818772360744,1.3074717222214525,1.0890437647953832,-3.851145801798821
model=ridge|params=alpha=0.1|impute=median|outlier=none|sampling=none|scale=False,0.9437753426119112,0.006524405196830369,0.768615127472928,0.006862492168394722,0.4219183298770618,0.008494818772360744,1.3074717222214525,1.0890437647953832,-3.851145801798821
model=ridge|params=alpha=0.1|impute=knn|outlier=none|sampling=target_bin_weighted|scale=True,0.9437958537091197,0.00646609897146712,0.7692282929020983,0.006825928728481925,0.4218935305931074,0.008435101034447322,1.305726555648735,1.0883524361527948,-3.838204172158572
model=ridge|params=alpha=0.1|impute=median|outlier=none|sampling=target_bin_weighted|scale=True,0.9437958537091197,0.00646609897146712,0.7692282929020983,0.006825928728481925,0.4218935305931074,0.008435101034447322,1.305726555648735,1.0883524361527948,-3.838204172158572
model=ridge|params=alpha=0.1|impute=median|outlier=none|sampling=target_bin_weighted|scale=False,0.9438201928498138,0.0064699800220008935,0.7692358739991147,0.0068282048960685545,0.4218637017800154,0.0084384203617903,1.3057102865126862,1.0883174777897302,-3.8380836064686275
model=ridge|params=alpha=0.1|impute=knn|outlier=none|sampling=target_bin_weighted|scale=False,0.9438201928498138,0.0064699800220008935,0.7692358739991147,0.0068282048960685545,0.4218637017800154,0.0084384203617903,1.3057102865126862,1.0883174777897302,-3.8380836064686275
