exp_id,fold,rmse,mae,r2
model=ridge|params=alpha=1.0|impute=median|outlier=none|sampling=none|scale=True,1,0.5207871758930451,0.3829700686979983,0.6925080896390121
model=ridge|params=alpha=1.0|impute=median|outlier=none|sampling=none|scale=True,2,0.5280476249768924,0.3950592535401607,0.6835603172698578
model=ridge|params=alpha=1.0|impute=median|outlier=none|sampling=none|scale=True,3,0.5205062914983618,0.3867683576876367,0.6888867939438547
model=ridge|params=alpha=1.0|impute=median|outlier=none|sampling=none|scale=True,4,0.5216780695818384,0.38277116858177507,0.6894040550396094
model=ridge|params=alpha=1.0|impute=median|outlier=none|sampling=none|scale=True,5,0.5436539735191446,0.4008232184215258,0.6599032560407845
model=ridge|params=alpha=1.0|impute=median|outlier=none|sampling=none|scale=True,0,1.1020304341695475,0.9854172156232419,-4.156542212333151
"model=xgboost|params=n_estimators=80,max_depth=4,learning_rate=0.08,subsample=0.9,colsample_bytree=0.9|impute=median|outlier=none|sampling=none|scale=False",1,0.15962451048467072,0.11531618544912661,0.9711123450051333
"model=xgboost|params=n_estimators=80,max_depth=4,learning_rate=0.08,subsample=0.9,colsample_bytree=0.9|impute=median|outlier=none|sampling=none|scale=False",2,0.1583074584098923,0.11439519485497587,0.9715588268666475
"model=xgboost|params=n_estimators=80,max_depth=4,learning_rate=0.08,subsample=0.9,colsample_bytree=0.9|impute=median|outlier=none|sampling=none|scale=False",3,0.16308585811664242,0.11687205299044914,0.9694578865570662
"model=xgboost|params=n_estimators=80,max_depth=4,learning_rate=0.08,subsample=0.9,colsample_bytree=0.9|impute=median|outlier=none|sampling=none|scale=False",4,0.15784221287538303,0.1119980116444142,0.971566066528719
"model=xgboost|params=n_estimators=80,max_depth=4,learning_rate=0.08,subsample=0.9,colsample_bytree=0.9|impute=median|outlier=none|sampling=none|scale=False",5,0.16605699697330772,0.11781291776093582,0.9682698810376223
"model=xgboost|params=n_estimators=80,max_depth=4,learning_rate=0.08,subsample=0.9,colsample_bytree=0.9|impute=median|outlier=none|sampling=none|scale=False",0,0.7137659652009724,0.6093065294480323,-1.1631322465562075
"model=xgboost|params=n_estimators=80,max_depth=4,learning_rate=0.08,subsample=0.9,colsample_bytree=0.9|impute=median|outlier=none|sampling=none|scale=True",1,0.15727088329076686,0.11245008932776482,0.9719579484267753
"model=xgboost|params=n_estimators=80,max_depth=4,learning_rate=0.08,subsample=0.9,colsample_bytree=0.9|impute=median|outlier=none|sampling=none|scale=True",2,0.15149726478580935,0.1097890885016211,0.9739532022977144
"model=xgboost|params=n_estimators=80,max_depth=4,learning_rate=0.08,subsample=0.9,colsample_bytree=0.9|impute=median|outlier=none|sampling=none|scale=True",3,0.15958109389739022,0.11496908176881815,0.9707564996366563
"model=xgboost|params=n_estimators=80,max_depth=4,learning_rate=0.08,subsample=0.9,colsample_bytree=0.9|impute=median|outlier=none|sampling=none|scale=True",4,0.1588029566460059,0.11182350359123841,0.9712188734447308
"model=xgboost|params=n_estimators=80,max_depth=4,learning_rate=0.08,subsample=0.9,colsample_bytree=0.9|impute=median|outlier=none|sampling=none|scale=True",5,0.16240068588441253,0.11519487702818594,0.9696517915012046
"model=xgboost|params=n_estimators=80,max_depth=4,learning_rate=0.08,subsample=0.9,colsample_bytree=0.9|impute=median|outlier=none|sampling=none|scale=True",0,0.7228884369492792,0.6193609535980225,-1.2187785392296244
"model=xgboost|params=n_estimators=80,max_depth=4,learning_rate=0.08,subsample=0.9,colsample_bytree=0.9|impute=median|outlier=none|sampling=target_bin_weighted|scale=False",1,0.1529500576459229,0.11027151189679266,0.9734776243557074
"model=xgboost|params=n_estimators=80,max_depth=4,learning_rate=0.08,subsample=0.9,colsample_bytree=0.9|impute=median|outlier=none|sampling=target_bin_weighted|scale=False",2,0.16142234122885313,0.11729641613118723,0.9704285897066441
"model=xgboost|params=n_estimators=80,max_depth=4,learning_rate=0.08,subsample=0.9,colsample_bytree=0.9|impute=median|outlier=none|sampling=target_bin_weighted|scale=False",3,0.16247597587389606,0.11807180711244751,0.9696858923885714
"model=xgboost|params=n_estimators=80,max_depth=4,learning_rate=0.08,subsample=0.9,colsample_bytree=0.9|impute=median|outlier=none|sampling=target_bin_weighted|scale=False",4,0.15866635602431123,0.11335172177747024,0.9712683665894137
"model=xgboost|params=n_estimators=80,max_depth=4,learning_rate=0.08,subsample=0.9,colsample_bytree=0.9|impute=median|outlier=none|sampling=target_bin_weighted|scale=False",5,0.16429531287277563,0.1173442943850834,0.9689395539360156
"model=xgboost|params=n_estimators=80,max_depth=4,learning_rate=0.08,subsample=0.9,colsample_bytree=0.9|impute=median|outlier=none|sampling=target_bin_weighted|scale=False",0,0.660456637634837,0.5627868184065818,-0.8520811816847715
"model=xgboost|params=n_estimators=80,max_depth=4,learning_rate=0.08,subsample=0.9,colsample_bytree=0.9|impute=median|outlier=none|sampling=target_bin_weighted|scale=True",1,0.14824795603834884,0.10755851258013312,0.9750832978741594
"model=xgboost|params=n_estimators=80,max_depth=4,learning_rate=0.08,subsample=0.9,colsample_bytree=0.9|impute=median|outlier=none|sampling=target_bin_weighted|scale=True",2,0.1606510139046902,0.11691962036901293,0.9707105177434145
"model=xgboost|params=n_estimators=80,max_depth=4,learning_rate=0.08,subsample=0.9,colsample_bytree=0.9|impute=median|outlier=none|sampling=target_bin_weighted|scale=True",3,0.1642569763091483,0.11952348066237733,0.969017666276958
"model=xgboost|params=n_estimators=80,max_depth=4,learning_rate=0.08,subsample=0.9,colsample_bytree=0.9|impute=median|outlier=none|sampling=target_bin_weighted|scale=True",4,0.15876951671009829,0.1131858975566399,0.9712309933411719
"model=xgboost|params=n_estimators=80,max_depth=4,learning_rate=0.08,subsample=0.9,colsample_bytree=0.9|impute=median|outlier=none|sampling=target_bin_weighted|scale=True",5,0.1585097025760728,0.11276844038246212,0.971088605282373
"model=xgboost|params=n_estimators=80,max_depth=4,learning_rate=0.08,subsample=0.9,colsample_bytree=0.9|impute=median|outlier=none|sampling=target_bin_weighted|scale=True",0,0.67965593218963,0.5806125248599051,-0.9613252720819827
"model=xgboost|params=n_estimators=80,max_depth=4,learning_rate=0.08,subsample=0.9,colsample_bytree=0.9|impute=median|outlier=none|sampling=undersample_major_bins|scale=False",1,0.15962451048467072,0.11531618544912661,0.9711123450051333
"model=xgboost|params=n_estimators=80,max_depth=4,learning_rate=0.08,subsample=0.9,colsample_bytree=0.9|impute=median|outlier=none|sampling=undersample_major_bins|scale=False",2,0.1583074584098923,0.11439519485497587,0.9715588268666475
"model=xgboost|params=n_estimators=80,max_depth=4,learning_rate=0.08,subsample=0.9,colsample_bytree=0.9|impute=median|outlier=none|sampling=undersample_major_bins|scale=False",3,0.16308585811664242,0.11687205299044914,0.9694578865570662
"model=xgboost|params=n_estimators=80,max_depth=4,learning_rate=0.08,subsample=0.9,colsample_bytree=0.9|impute=median|outlier=none|sampling=undersample_major_bins|scale=False",4,0.15784221287538303,0.1119980116444142,0.971566066528719
"model=xgboost|params=n_estimators=80,max_depth=4,learning_rate=0.08,subsample=0.9,colsample_bytree=0.9|impute=median|outlier=none|sampling=undersample_major_bins|scale=False",5,0.16605699697330772,0.11781291776093582,0.9682698810376223
"model=xgboost|params=n_estimators=80,max_depth=4,learning_rate=0.08,subsample=0.9,colsample_bytree=0.9|impute=median|outlier=none|sampling=undersample_major_bins|scale=False",0,0.7137659652009724,0.6093065294480323,-1.1631322465562075
